"Client ID","Full Name","Email","Phone","Address"
"3","Michael Johnson","michael@example.com","555123456","789 Oak St"
"4","Emily Davis","emily@example.com","444987654","101 Pine St"
"5","Chris Brown","chris@example.com","333654987","202 Maple St"
"6","Sarah Wilson","sarah@example.com","222321654","303 Cedar St"
"7","David Miller","david@example.com","111789123","404 Birch St"
"8","Laura Moore","laura@example.com","666987321","505 Walnut St"
"9","Kevin Taylor","kevin@example.com","777654788","606 Cherry St"
"10","Emma White","emma@example.com","888123987","707 Spruce St"
"11","John Doe","johndoe@example.com","1234567890","123 Main St"
"31","updated","updated@example.com","654312","new address"
"33","test1","string","string","string"
"35","test2","string2","string2","string2"
"36","string3","string3","string3","string3"
"37","string4","string4","string4","string4"
"39","from win forms","dfgrgfdsg","56456fdg","dfgdfh"
"40","new new","sdfdsf","32131","sdfdsfs"
"41","new new new","sdfdsfs","321315","esdfsdf"
"42","test5 ups","test5","532156","test5"
"52","new name updated","test@email.com","321564","test address"
"54","test duplicae email","michael@exmple.com","1234567891","sdfsdfsf"
